NONE;English;French;German;Polish;Spanish;Italian;Swedish;Czech;Hungarian;Dutch;Portuguese;Russian;Finnish;x;
AAC;Aachen;Aachen;Aachen;Aachen;Aquianza;Aachen;Aachen;Aachen;Aachen;Aken;Aachen;;Aachen;x;
AAC_ADJ;Aachener;Aachener;Aachener;Aachener;Aqueneraje;Achener;Aachener;Aachener;Aachener;AICHENER;Aacina;;Aachener;x;
ACH;Achaea;Achéa;Achaea;Achaea;Achaea;Achaea;Achaea;Achaea;Achaea;Achaea;ACHAEA;;ACHAEA;x;
ACH_ADJ;Achaean;Achéan;Achaean;Achaean;Achaean;Achean;Achaean;Achaean;Achaean;Achaean;ACHAEAN;;Achaean;x;
ADA;Adal;Adal;Adal;Adal;Adal;Adal;Adal;Adal;Adal;Adal;Adal;Adal';Adal;x;
ADA_ADJ;Adalan;Adalien;Adalan;Adalan;Adalan;Adalan;Adalansk;Adalan;Adalan;Adalan;Adalan;;Adalan;x;
AHM;Bihar;Bihar;Bihar;Bihar;Bihar;Bihar;Bihar;Bihar;Bihar;Bihar;BIHAR;Bikhar;Hihna;x;
AHM_ADJ;Bihari;Bihari;Bihari;Bihari;Bihari;Bihari;Bihari;Bihari;Bihari;Bihari;Bihari;;Bihari;x;
AKH;Astrakhan;Astrakan;Astrachan;Karakul;Astracán;Astrakhan;Astrakhan;Astrakhan;Asztrahán;Astrakan;Astracã;Astrakhan';Astrakhan;x;
AKH_ADJ;Astrakhani;Astrakhani;Astrakhani;Astrachani;Astrakhani;Astrakhani;Astrakhani;Astrakhani;Astrakhani;Astrakhani;Astrakhani;;Astrakhani;x;
AKK;Ak Koyunlu;Ak koyunlu;AK Koyunlu;AK Koyunlu;Ak koyunlu;AK Koyunlu;Ak Koyunlu;AK KOYUNLU;Ak koyunlu;Ak koyunlu;Ak koyunlu;Ak Koyunlu;AK Koyunlu;x;
AKK_ADJ;Ak Koyunlu;Ak koyunlu;AK Koyunlu;AK Koyunlu;Ak koyunlu;AK Koyunlu;Ak Koyunlu;AK KOYUNLU;Ak koyunlu;Ak koyunlu;Ak koyunlu;;AK Koyunlu;x;
ALE;Alençon;Alençon;Allençon;Alençon;Alençon;Alençon;Alençon;Alençon;Alençon;Alençon;Alençon;;Alençon;x;
ALE_ADJ;Alençon;Alençon;Allençon;Alençon;Alençon;Alençon;Alençon;Alençon;Alençon;Alençon;Alençon;;Alençon;x;
ALH;Haasa;Haasa;Haasa;Haasa;Haasa;Haasa;Haasa;Haasa;Haasa;Haasa;Haasa;Khaasa;Haasa;x;
ALH_ADJ;Haasalese;Haasalais;Haasalesen;Haasalese;Haasalés;Haasalese;Haasales;Haasalese;HAALESE;Haasales;Haasalese;;Haasalese;x;
ALS;Alsace;Alsace;Elsass;Alzacja;Alsacia;Alsazia;Alsace;Alsace;Elzász;Elzas;Alsácia;El'zas;Alsace;x;
ALS_ADJ;Alsatian;alsacien;elsässisch;wilczur;alsaciano;alsaziano;Alsatisk;vlcák;elzászi;Elzasser;Alsaciano;;Alsatian;x;
AMD;Ahmadnagar;Ahmadnagar;Ahmadnagar;Ahmadnagar;Ahmadnagar;Ahmadnagar;Ahmadnagar;Ahmadnagar;Ahmadnagar;Ahmadnagar;Ahmadnagar;;Ahmadnagar;x;
AMD_ADJ;Ahmadnagari;Ahmadnagari;Ahmadnagari;Ahmadnagari;Ahmadnagari;Ahmadnagari;Ahmadnagari;Ahmadnagari;Ahmadnagari;Ahmadnagari;Ahmadnagari;;Ahmadnagari;x;
AMG;Armagnac;Armagnac;Armagnac;Armagnac;Armagnac;Armagnac;Armagnac;Armagnac;Aramagnac;Armagnac;Armagnac;Arman'yak;Armagnac;x;
AMG_ADJ;Armagnac;Armagnac;Armagnac;Armagnac;Armagnac;Armagnac;Armagnac;Armagnac;Aramagnac;Armagnac;Armagnac;;Armagnac;x;
ANN;Annam;Annamelle;Annam;Annam;Annam;Annam;Annamera;Annam;Anam;Annam;Annam;Annam;Antaa;x;
ANN_ADJ;Annamese;Annamais;Annamese;Annamese;Anamese;Annamese;Annamer;Annamese;Anamantikus;Annamese;Annamese;;Annamese;x;
ANS;Ansbach;Ansbach;Ansbach;Ansbach;Ansbach;Ansbach;Ansbach;Ansbach;Ansbach;Ansbach;Ansbach;Ansbakh;Andsbach;x;
ANS_ADJ;Ansbachian;Ansbachian;Ansbachian;Ansbachian;Ansbachian;Ansbachian;Ansakbak;Ansbachian;Ansbachian;Ansbachian;Ansbachian;;Ansbachian;x;
AQU;Aquileia;Aquileia;Aquileia;Aquileia;Aquileia;Aquileia;Aquileia;Aquileia;Aquileia;Aquileia;Aquileia;;Aquileia;x;
AQU_ADJ;Aquileian;Aquilien;Aquileier;Aquilian;Acuíaco;Aquilei;Aquileisk;Aquilean;Aquilei;Aquileius;Aquilian;;Akvaario;x;
ARK;Arakan;Arakan;Arakan;Arakan;Arakan;Arakan;Arakan;Arakan;ARAKAN;Arakan;Arakan;Arakan;Arakan;x;
ARK_ADJ;Arakani;Arakani;Arakani;Arakani;Arakani;Arakani;Arakani;Arakani;Arakani;Arakani;Arakani;;Arakani;x;
ARO;Aragon;Aragon;Aragonisch;Aragon;Aragón;Aragona;Aragon;Aragon;Aragon;Aragon;Aragão;Aragon;Aragon;x;
ARO_ADJ;Aragonese;Aragonais;Aragonesen;Aragonski;aragonés;aragonese;Aragonesisk;Aragonese;Aragonéz;Aragonese;Aragonês;;Aragonese;x;
ASH;Ashanti;Ashanti;Ashanti;Ashanti;Ashanti;Ashanti;Ashanti;Ashanti;Ashanti;Ashanti;Ashanti;Ashanti;Ashanti;x;
ASH_ADJ;Ashanti;Ashanti;Ashanti;Ashanti;Ashanti;Ashanti;Ashanti;Ashanti;Ashanti;Ashanti;Ashanti;;Ashanti;x;
ASS;Assam;Assommer;Assam;Assam;Asno;Assam;Assos;Assam;Assam;Assam;Assam;Assam;Assam;x;
ASS_ADJ;Assamese;Assamen;Assamese;Assame;Assamese;Assamese;Assames;Assamese;Assamese;Assamese;Assamese;;Assamilainen;x;
ATH;Athens;Athènes;Athen;Ateny;Atenas;Atene;Athens;Athény;Athén;Athene;Atenas;Afiny;Ateena;x;
ATH_ADJ;Athenian;Athénien;Athener;atenski;ateniense;ateniese;Atensk;Athenian;athéni;Athenian;ateniense;;Ateenalainen;x;
AUG;Augsburg;Augsburg;Augsburg;Augsburg;Augsburgo;Augsburg;Augsburg;Augsburg;Augsburg;Augsburg;Augsburg;;Augsburg;x;
AUG_ADJ;Augsburgian;Augsburgien;Augsburgian;Augsburgia;Augsburg;Augsburnian;Augsburgare;Augsburgian;Augsburgian;Augsburgian;Augsburgian;;Augsburgian;x;
AUV;Auvergne;Auvergne;Auvergne;Auvergne;Auvernia;Alvernia;Auvergne;Auvergne;Auvergne;Auvergne;Auvergne;Overn';Auvergne;x;
AUV_ADJ;Auvergnese;Auvergnèse;Auvergnese;Auvergnese;Auvergnese;Auvergnese;Auvergnese;Auvergnese;Auvergnéz;Auvergnese;Auvergnese;;Auvergnese;x;
AVI;Avignon;Avignon;Avignon;Avignon;Aviño;Avignone;Avignon;Avignon;Avignon;Avignon;Avignon;Avin'on;Avignon;x;
AVI_ADJ;Avignonese;Avignone;Avignonese;Avignonese;Avignón;Avignonese;Avignonesisk;Avignonese;Avignonese;Avignonese;Avignonese;;Avignonese;x;
AYD;Aydin;Aydin;Aydin;Aydin;Aydin;Aydin;Aydin;Aydin;Aydin;Aydin;Aydin;;Aydin;x;
AYD_ADJ;Aydin;Aydin;Aydin;Aydin;Aydin;Aydin;Aydin;Aydin;Aydin;Aydin;Aydin;;Aydin;x;
AZT;Aztec;Aztèque;aztekisch;Aztek;azteca;Aztec;Aztec;aztécký;AzTEC;Aztec;asteca;Atstek;Atstec;x;
AZT_ADJ;Aztec;Aztèque;aztekisch;Aztek;azteca;Aztec;Aztec;aztécký;AzTEC;Aztec;asteca;;Atstec;x;
BAH;Deccan;Décanner;Deccan;Decan;Deccan;Decan;Dekkan;Deccan;Deccan;Deccan;Deccan;Deccan;Deccan;x;
BAH_ADJ;Deccan;Décanner;Deccan;Decan;Deccan;Decan;Dekkan;Deccan;Deccan;Deccan;Deccan;;Deccan;x;
BAN;Banten;Banton;Bärte;Banten;Banten;Bantene;Banten;Bantenový;Banten;Banten;Banten;Banten;Banten;x;
BAN_ADJ;Banteni;Banteni;Banteni;Banteni;Banteni;Banteni;Banteni;Banteni;Banteni;Banteni;Banteni;;Banteni;x;
BAR;Bar;Bar;Bar;Bar;Bar;Sbarra;Bar;Bar;Rúd;Bar;Bar;;Baari;x;
BAR_ADJ;Barroise;Barroise;Barkrose;Barro;Barroísta;Barrorizzare;Barrois;Barroise;Barroise;Barroise;Barroise;;Barroe;x;
BCS;Baluchistan;Baluchistan;Baluchistan;Baluchistan;Baluchistán;Baluchistan;Baluchistan;Baluchistan;Baluchisztán;Baluchistan;Baluchistão;Beludzhistan;Baluchistan;x;
BCS_ADJ;Baluchistani;Baluchistani;Baluchistani;Baluchistani;Baluchistani;Baluchistani;Baluchistansk;Baluchistani;Baluchistani;Baluchistani;Baluchistani;;Baluchistani;x;
BEN;Benin;Bénin;Benin;Benin;Benin;Benin;Benin;Benin;Benin;Benin;Benin;Benin;Benin;x;
BEN_ADJ;Beninese;Béninois;Beninese;Beninese;Beninese;Beninese;Bensin;Beninese;Benini;Beninese;Beninese;;Benines;x;
BHU;Bhutan;Bhoutan;Bhutan;Bhutan;Bután;Bhutan;Bhutan;Bhútán;Bhutan;Bhutan;Butão;Butan;Bhutan;x;
BHU_ADJ;Bhutanese;Bhoutanais;Bhutanesisch;Bhutanese;Bhutanese;Bhutanese;Bhutanesisk;Bhutanese;Bhutanese;Bhutanese;Butanês;;Bhutanese;x;
BIJ;Bijapur;Bijapur;Bijapur;Bijapur;Bijapur;Bijapur;Bijapur;Bijapur;Bijapur;Bijapur;Bijapur;Bijapur;Bijapur;x;
BIJ_ADJ;Bijapuri;Bijapuri;Bijapuri;Bijapuri;Bijapuri;Bijapuri;Bijapuri;Bibapuri;Bijapuri;Bijapuri;Bijapuri;;Bijapuri;x;
BNG;Bengal;Bengale;Bengalen;bengalski;Bengala;Bengala;Bengal;Bengálsko;Bengália;Bengalen;Bengal;Bengal;Bengal;x;
BNG_ADJ;Bengalese;Bengale;Bengalenesisch;Bengalski;Bengalí;Bengalese;Bengalesisk;Bengálština;Bengáli;Bengalenes;Bengalese;;Bengalilainen;x;
BOU;Bourbonnais;Bourbonnais;Bourbonnais;Bourbonnais;Bourbonnais;Bourbonnes;Bourbonnais;Bourbonnais;Bourbonnais;Bourbonnais;Bourbonnais;Burbonne;Bourbonnais;x;
BOU_ADJ;Bourbonnean;Bourbonnan;Bourbonnean;Bourbonnean;Bourbonano;Bourbonnean;Bourbonnean;Bourbonnean;Bourbebean;Bourbonnean;Bourbonnean;;Bourbonnean;x;
BRB;Brabant;Brabant;Brabant;Brabant;Bribante;Brabante;Babant;Brabantský;Brabent;Brabant;Brabant;Brabant;Brabantti;x;
BRB_ADJ;Brabantian;Brabantian;Brabantian;Brabantian;Brabántico;Brabaniano;Brabantian;Brabantian;Brabantiai;Brabants;Brabantiano;;Brabantti;x;
BRD;Brandenburg;Brandenburg;Brandenburg;Brandenburgia;Brandenburgo;Brandeburgo;Brandenburg;Brandenburg;Brandenburg;Brandenburg;Brandemburgo;Brandenburg;Brandenburg;x;
BRD_ADJ;Brandenburgian;Brandenburgien;Brandenburgisch;Brandenburgia;Brandenburgo;Brandenburgian;Brandenburger;Brandenburgian;Brandenburgi;Brandenburgian;Brandenburgian;;Brandenburgian;x;
BRG;Burgundy;Bourgogne;Burgund;Burgundia;Borgoña;Borgogna;Burgundy;Burgundské;Burgundia;Bourgondië;Borgonha;Burgundiya;Burgundi;x;
BRG_ADJ;Burgundian;Bourguignon;Burgund;Burgundian;Burgundo;Borgognone;Burgundisk;Burgundian;Burgundi;Bourgondisch;Burgundian;;Burgundian;x;
BRI;Brittany;Bretagne;Bretagne;Brittany;Bretaña;Bretagna;Brittany;Brittany;Brittany;Bretagne;Bretanha;Bretan';Bretagne;x;
BRI_ADJ;Breton;Breton;Bretonisch;Breton;Bretón;Bretone;Breton;Breton;Boszorkány;Breton;Bretão;;Breton;x;
BRR;Berar;Berner;Berar;Berr;Berardo;Berar;Bergar;Berar;Berak;Beraar;Berar;Berar;Berar;x;
BRR_ADJ;Berari;Berari;Berari;Berari;Berari;Berari;Berari;Berari;Berari;Berari;Berari;;Berari;x;
BRY;Berry;Baie;Beere;Jagoda;Baya;Bacca;Bär;Bobule;Bogyó;BES;baga;;Marja;x;
BRY_ADJ;Berrian;Berrian;Berrian;Berrian;Berriano;Berriano;Bergröd;Berrian;Berrian;Berrian;Berrian;;Berrian;x;
CAS;Castille;Castille;Kastel;Castille;Castilla;Castiglia;Castille;Castille;Kastély;Castilla;Castela;Kastiliya;Castille;x;
CAS_ADJ;Castilian;Castillan;Kastilianer;Kastylijski;Castellano;Castigliano;Castilian;Kadernický;Kasztíliai;Castiliaans;Castiliano;;Kastilialainen;x;
CHA;Champa;Champa;Champa;Champa;Champa;Champa;Champa;Champa;Pajkos;Champa;Champa;Champa;Champa;x;
CHA_ADJ;Champani;Champani;Champani;Chamani;Champán;Champani;Champani;Champani;Bajki;Champani;Champani;;Champani;x;
CHG;Chagatai;Chagatai;Chagatai;Chagatai;Chagatai;Chagatai;Chagatai;Chagatai;Chagatai;Chagatai;Chagai;Chagatai;Chagatai;x;
CHG_ADJ;Chagatai Khanate;Chagatai Khanate;Chagatai Khanate;Chagatai Khanate;Chagatai Khanate;Chagatai Khanate;Chagatai Khanate;Chagatai Khanate;Chagatai Kánát;Chagatai Khanate;Chagatai Khanate;;Chagatai Khanaatti;x;
CHK;Champassak;Chapeau;Champasak;Champassak;Champantak;Champassak;Champassak;Champassak;Civakkövek;Champassak;Champassak;Champassak;Champak;x;
CHK_ADJ;Champassaki;Champassaki;Champasaki;Champassaki;Champassaki;Champassaki;Champassaki;Champassaki;Campassaki;Champassaki;Champassaki;;ChampaSaki;x;
CHM;Chimu;Chimu;Chimu;Chimu;Chimu;Chimu;Chimu;Chimu;Chimu;Chimu;Chimu;Chimu;Chimu;x;
CHM_ADJ;Chimu;Chimu;Chimu;Chimu;Chimu;Chimu;Chimu;Chimu;Chimu;Chimu;Chimu;;Chimu;x;
CHP;Champagne;Champagne;Champagner;szampan;champán;Champagne;Champagne;Šampanské;Pezsgo;Champagne;champanhe;Shampanskoye;Samppanja;x;
CHP_ADJ;Champagnian;Champagnien;Champagnier;Champagnian;Champagnio;Champagniano;Champagnisk;Šampanský;Champagnian;Champagnisch;Champagnian;;Samppanja;x;
CND;Candar;Candar;Candar;Candar;Cande;Candaro;Åker;Candar;Gyertya;Candar;CARDAR;Chandar;Ketju;x;
CND_ADJ;Candari;Candari;Candari;Candari;Candari;Candari;Candari;Candari;Candari;Candari;Carona;;Candari;x;
CNN;Connacht;Connacht;Connacht;Connacht;Connache;Connacht;Knäpp;Connacht;Connacht;Spacht;Connacht;Konnakht;Connacht;x;
CNN_ADJ;Connacht;Connacht;Connacht;Connacht;Connache;Connacht;Knäpp;Connacht;Connacht;Spacht;Connacht;;Connacht;x;
COR;Corsica;la Corse;Korsika;Korsyka;Corsico;Corsica;Korsika;Korsika;Korzika;Corsica;Córsega;Korsika;Korsika;x;
COR_ADJ;Corsican;Corse;Korsikan;Corsican;corso;Corsican;Korsikan;Korsican;Korzikai;Corsicaans;Corsicana;;Korsikaani;x;
CRK;Creek;Ruisseau;Bach;zatoczka;Arroyo;torrente;Bäck;Creek;Patak;Kreek;Riacho;;Puro;x;
CRK_ADJ;Creek;Ruisseau;Bach;zatoczka;Arroyo;torrente;Bäck;Creek;Patak;Kreek;Riacho;;Puro;x;
CRN;Cornwall;Cornouailles;Cornwall;Cornwall;Cornualles;Cornovaglia;Cornwall;Cornwall;Cornwall;Cornwall;Cornualha;;Cornwall;x;
CRN_ADJ;Cornish;cornouaillais;kornisch;kornwalijski;de Cornualles;Cornicolo;Cornish;cornwallský;cornwalli;Corner;Cornish;;Kruunu;x;
D15;Gambia;Gambie;Gambia;Gambia;Gambia;Gambia;Gambia;Gambie;Gambia;Gambia;Gâmbia;;Gambia;x;
D15_ADJ;Gambian;Gambien;Gambian;Gambijczyk;Gambio;Gambia;Gambisk;Gambijský;Gambiai;Gambiaans;Gambiano;;Gambian;x;
D16;Ghana;Ghana;Ghana;Ghana;Ghana;Ghana;Ghana;Ghana;Ghána;Ghana;Gana;;Ghana;x;
D16_ADJ;Ghanan;Ghanan;Ghanan;Ghanan;Ghanán;Ghanan;Ghanan;Ghanan;Ghanan;Ghanan;Ghanan;;Ghanaan;x;
DAN_ADJ;Danish;danois;dänisch;dunski;danés;danese;Danska;dánština;dán;Deens;dinamarquês;;Tanskan kieli;x;
DAU;Dauphine;Dauphine;Dauphine;Dauphine;Diabina;Dauphine;Dauphine;Dauphine;Dauphine;Dauphine;Dauphine;;Dauphine;x;
DAU_ADJ;Dauphinese;Dauphinais;Dauphinese;Dauphinese;Dauphinese;Dauphinese;Dauphinese;Dauphinese;Döfines;Dauphinese;Dauphinese;;Dauphinese;x;
DLH;Delhi;Delhi;Delhi;Delhi;Delhi;Delhi;Delhi;Dillí;Delhi;Delhi;Délhi;;Delhi;x;
DLH_ADJ;Delhian;Delhian;Delhianer;Delhi;Delhian;Delhian;Delhian;Dillían;Delhi;Delhian;Delão;;Delhian;x;
DUL;Dulkadir;Dulkadir;Dulkadir;Dulkadir;Dulkadir;Dulkadir;Dulkadir;Dulkadir;Dulkadir;Dulkadir;Dulkadir;;Dulkadir;x;
DUL_ADJ;Dulkadiri;Dulkadiri;Dulkadiri;Dulkadiri;Dulkadiri;Dulkadiri;Dulkadiri;Dulkadiri;Dulkadiri;Dulkadiri;Dulkadiri;;Dulkadiri;x;
DUR;Durrani;Durrani;Durrani;Durrani;Durrani;Duranti;Durrani;Durrani;Durrani;Durrani;Durrani;;Durrani;x;
DUR_ADJ;Durrani;Durrani;Durrani;Durrani;Durrani;Duranti;Durrani;Durrani;Durrani;Durrani;Durrani;;Durrani;x;
ENG;Great Britain;Grande Bretagne;Großbritannien;Wielka Brytania;Gran Bretaña;Gran Bretagna;Storbritannien;Velká Británie;Nagy-Britannia;Groot Brittanië;Grã Bretanha;;Iso-Britannia;x;
ENG_ADJ;British;Britanique;Britisch;Brytyjski;Británico;Britannico;Brittisk;Britský;Angol;Britten;Britânico;;Brittiläinen;x;
ENL;England;Angleterre;England;Anglia;Inglaterra;Inghilterra;England;Anglie;Anglia;Engeland;Inglaterra;;Englanti;x;
ENL_ADJ;English;Anglais;Englisch;Jezyk Angielski;Inglés;Inglese;Engelsk;Anglictina;Angol;Engels;Inglês;;Englanti;x;
EPI;Epirus;Épire;Epirus;Epirus;Epirus;Epiro;Epirus;Epirus;Epirus;Epirus;Epirus;;Epirus;x;
EPI_ADJ;Epirote;Épirote;Epirote;Epirotka;Epirote;Epirote;Epirot;Epirote;Epirote;Epirote;Epirote;;Epirootti;x;
ETR;Etruria;Étrurie;Etrurien;Etruria;Etruria;Etruria;Etruria;Etrurie;Eturia;Etruria;Etrúria;;Etruria;x;
ETR_ADJ;Etruria;Étrurie;Etrurien;Etruria;Etruria;Etruria;Etruria;Etrurie;Eturia;Etruria;Etrúria;;Etruria;x;
FER;Ferrara;Ferrara;Ferrara;Ferrara;Ferrara;Ferrara;Ferrara;Ferrara;Ferrara;Ferrara;Ferrara;;Ferrara;x;
FER_ADJ;Ferraranese;Ferraranais;Ferraranesisch;Ferraranese;Ferraranés;Ferraranese;Ferraranes;Ferraranese;Ferraranese;Ferraranees;Ferraranese;;Ferraranilainen;x;
FEZ;Fez;Fez;Fez;Fez;Fez;Fez;Fez;Feyz;Fez;Fez;Fez;;Fez;x;
FEZ_ADJ;Fezian;Fezian;Fezian;Fezian;Fezian;Feziano;Fezian;Feezian;Fezian;Fezian;Fezian;;Fezian;x;
FOI;Foix;Foix;Foix;Foix;Foix;Foux;Foix;Foix;Fox;Foix;Foix;;Foix;x;
FOI_ADJ;Foixian;Foixian;Foixian;Foixian;Foixiano;Foixiano;Foixian;Foixian;Foxianus;Foix;Foixian;;Foixian;x;
FRI;Friesland;Fricelle;Friesland;Fryzja;Frisal;Friesland;Friesland;Friesland;Friesland;Friesland;Friesland;;Friesland;x;
FRI_ADJ;Frisian;frison;Friesisch;fryzyjski;frisio;Frisone;Frisisk;Frisian;fríz;van Friesland afkomstige;Frísio;;friisi;x;
FUJ;Fujiwara;Fujiwara;Fujiwara;Fujiwar;Fujiwara;Fujiwara;Fujiwara;Fujiwara;Fujiwara;Fujiwara;Fujiwara;;Fujiwara;x;
FUJ_ADJ;Fuijiwaran;Fuijiwaran;Fuijiwaran;Fuijiwaran;Fuijiwaran;Fuijiwaran;Fuijiwaran;Fuijiwaran;Fujiwaran;Fuijiwaran;Fuijiwaran;;Fuijiwaran;x;
GAK;Gakwar;Gakwar;Gakwar;Gakwar;Gakwar;Gakwar;Gakwar;Gakwar;Gakwar;Gakwar;Gakwar;;Gakwar;x;
GAK_ADJ;Gakwari;Gakwari;Gakwari;Gakwari;Gakwari;Gakwari;Gakwari;Gakwari;Gakwari;Gakwari;Gakwari;;Gakwari;x;
GAL;Galicia;Galicie;Galicien;Galicja;Galicia;Galizia;Galicien;Galicia;Galicia;Galicië;Galiza;;Galicia;x;
GAL_ADJ;Galician;Galicien;galizisch;Galicyjski;gallego;galiziano;Galiciker;Galicijský;Galíciai;Galicisch;Galego;;Galicialainen;x;
GBR;Great Britain;Grande Bretagne;Großbritannien;Wielka Brytania;Gran Bretaña;Gran Bretagna;Storbritannien;Velká Británie;Nagy-Britannia;Groot Brittanië;Grã Bretanha;;Iso-Britannia;x;
GBR_ADJ;British;Britanique;britisch;brytyjski;británico;Britannico;Brittisk;britský;angol;Britten;britânico;;brittiläinen;x;
GDW;Gondwana;Gondwana;Gondwana;Gondwana;Gondwana;Gondwana;Gondwana;Gondwana;Gondwana;Gondwana;Gondwana;;Gondwana;x;
GDW_ADJ;Gondwanese;Gondwanais;Gondwanesisch;Gondwanese;Gondwano;Gondwanese;Gondvanska;Gondwanese;Gondwanese;Gondwanese;Gondwanese;;Gondwanese;x;
GEL;Gelre;Gelée;Gelächte;Zelre;Gelre;Gelre;Gele;Gelre;Gelre;Gelr;Gelre;;Gelre;x;
GEL_ADJ;Gelren;Gelren;Gelren;Gelren;Golidar;Gelen;Gelen;Gelren;Gelren;Gelren;Gelren;;Geeli;x;
GNA;Genoa;Gênes;Genua;Genua;Génova;Genova;Genua;Genaa;Genova;Genua;Génova;;Genova;x;
GNA_ADJ;Genoese;génois;Geneese;Genuenczyk;Genovese;genovese;genuesisk;Janovec;genovai;Genuese;Genovês;;Geno;x;
GOC;Golcanda;Golcanda;Golcanda;Golcanda;Golcanda;Golcanda;Golcanda;Golcanda;Golcanda;Golcanda;Golcanda;;Golcanda;x;
GOC_ADJ;Golcandan;Golcandan;Golcandan;Golcandan;Golcandan;Golcandan;Golcandan;Golcandan;Golcandán;Golcandan;Golcandan;;Golcandan;x;
GOL;Golden Horde;Horde d'or;Goldene Horde;Golden Horde;horda de Oro;Golden Horde;Gyllene horde;Zlatá horda;Arany horda;Gouden horde;Horda Golden;;Golden Horde;x;
GOL_ADJ;Golden;doré;Golden;Zloty;dorado;d'oro;gyllene;Zlatý;Aranysárga;gouden;Dourado;;Kultainen;x;
GOT;Gotland;Gotland;Gotland;Gotlandia;Gotland;Gotland;gotland;Hadilsko;Gotland;Gotland;Gotland;;Gotlannin;x;
GOT_ADJ;Gotlander;Gotlander;Gotlander;Gotlandiarz;Gotlander;Gotlander;Gotlander;Gatlander;Gotlander;Gotlander;Gotlistler;;Gotlander;x;
GRA;Granada;Grenade;Granada;Granada;Granada;Granada;Granada;Granada;Granada;Granada;Granada;;Granada;x;
GRA_ADJ;Granadan;Granadan;Granadan;Granadan;Granadán;Granadan;Granadan;Granádan;Granadán;Granadan;Granadã;;Granadan;x;
GUJ;Gujarat;Gujarat;Gujarat;Gujarat;Gujarat;Gujarat;Gujarat;Gujarat;Gujarat;Gujarat;Gujarat;;Gujarat;x;
GUJ_ADJ;Gujarati;Gujarati;Gujarati;Gujarati;Gujarati;Gujarati;Gujarat;Gujarati;Gujarati;Gujarati;Gujarati;;Gujarati;x;
GUY;Guyenne;Guyenne;Guyenne;Guyenne;Guyenne;Guyenne;Kyenne;Guyenne;Guyenne;Guyenne;Guyenne;;Guyenne;x;
GUY_ADJ;Guyennese;Guyennèse;Guyennese;Guyennse;Denenenés;Guyennese;Guyennese;Guyennese;Guyenges;Guyennese;Guyennese;;Guyennese;x;
HAT;Hainaut;Hainaut;Hainaut;Hainbaut;Hainaut;Hainaut;Honaut;Hainaut;Hainaut;Hainaut;Hainaut;;Hainaut;x;
HAT_ADJ;Hainautian;Hainautien;Hainautian;Hainautian;Hainautiano;Hainautian;Hainautisk;Hainautian;Hainautian;Henegouwen;Hainautian;;Hainautilainen;x;
HAU;Hausa;Hausa;Hausa;Hausa;Hausa;Hausa;Hausa;Hausa;Hausa;Hausa;Hausa;;Hausa;x;
HAU_ADJ;Hausan;Hausan;Hausan;Hausan;Hausan;Hausan;Hausan;Hausan;Hausán;Hausan;Hausan;;Hausan;x;
HLL;Holland;Hollande;Holland;Holandia;Holanda;Olanda;Holland;Holandsko;Hollandia;Holland;Holanda;;Hollanti;x;
HLL_ADJ;Dutch;néerlandais;Niederländisch;holenderski;holandés;olandese;Holländska;holandský;holland;Nederlands;holandês;;Hollannin kieli;x;
HRE;Holy Roman Empire;Saint Empire romain;Heiliges Römisches Reich;Swiete imperium rzymskie;Santo Imperio Romano;sacro Romano Impero;Helig romerska riket;Svatá ríše rímská;Szent római birodalom;Heilig Roman Empire;sagrado Império Romano;;Rooman imperiumi;x;
HRE_ADJ;Imperial;Impérial;Kaiserliche;Cesarski;Imperial;Imperiale;Kejserlig;Císarský;Császári;Keizerlijk;Imperial;;Keisarillinen;x;
HUR;Huron;Huron;Huron;Huron;Hurón;Huron;Skara;Huron;Huron;Huron;Huron;;Horon;x;
HUR_ADJ;Huron;Huron;Huron;Huron;Hurón;Huron;Skara;Huron;Huron;Huron;Huron;;Horon;x;
INC;Inca;Inca;Inka;Inca;Inca;Inca;Inka;Inka;Inca;Inca;Inca;;Inca;x;
INC_ADJ;Incan;Incen;In Inkan;Inkan;Inca;Incan;Incan;Incan;Incan;Inca;Incan;;Incan;x;
IRO;Iroquois;Iroquois;Iroquois;Iroquois;Iroquis;Iroquois;Iroquois;Iroquois;Iroquois;Iroquois;Iroquois;;Irtoquois;x;
IRO_ADJ;Iroquois;Iroquois;Iroquois;Iroquois;Iroquis;Iroquois;Iroquois;Iroquois;Iroquois;Iroquois;Iroquois;;Irtoquois;x;
JAL;Jalayirids;Jalayirids;Jalayiriden;Jalayirids;Jalayirids;Jalayirids;Jalayirid;Jalayirids;Jalayiridok;Jalayirids;Jalayirids;;Jalayirids;x;
JAL_ADJ;Jalayirid;Jalayirid;Jalayirid;Jalayirid;Jalayirid;Jalayirid;Jalayirid;Jalayirid;Jalayirid;Jalayirid;Jalayirid;;Jalayirid;x;
KAR;Karaman;Karaman;Karaman;Karaman;Karamán;Karaman;Karaman;Karaman;Karamán;Karaman;Karaman;;Karaman;x;
KAR_ADJ;Karamanese;Karamanais;Karamanese;Karamanese;Karamaneso;Karamaneso;Karamanes;Karamanese;Karamán;Karamanese;Karamanês;;Karamanese;x;
KAZ;Kazan;Kazan;Kazan;Kazan;Kazan;Kazan;Kazan;Kazan;Kazán;Kazan;Kazan;;Kazan;x;
KAZ_ADJ;Kazani;Kazani;Kazani;Kazani;Kazani;Kazani;Kazani;Kazani;Kazani;Kazani;Kazani;;Kazani;x;
KBO;Kanem Bornu;Kanem Bornu;Kanem Bornu;Kanem Bornu;Kanem bornu;Kanem Bornu;Kanem Bornu;Kanem Bornu;Kanem Bornu;Kanem Bornu;Kanem Bornu;;Kanem Bornu;x;
KBO_ADJ;Kanem Bornuan;Kanem Bornuan;Kanem Bornuan;Kanem Boranan;Kanem Bornuan;Kanem Bornuan;Kanem Bornuan;Kanem Bornuan;Kanem Bornuan;Kanem Borluan;Kanem Bornuan;;Kanem Bornuan;x;
KHA;Mongol Khanate;Mongol Khanate;Mongol Khanate;Mongol Khanate;Mongol Khanate;Mongol Khanate;Mongol khanat;Mongol Kanate;Mongol kánát;Mongol Khanate;Mongol khanate;;Mongol khanaatti;x;
KHA_ADJ;Mongol;mongol;Mongol;Mongol;mongol;mongolo;Mongol;Mongol;mongol;Mongools;mongol;;mongoli;x;
KHD;Khandesh;Khandreh;Khandels;Khandesh;Kandhesh;Kanderesh;Khandesh;Khandesh;Khandesh;Kinkel;Khandesh;;Khandesh;x;
KHD_ADJ;Khandeshi;Khandrehi;Khandhi;Khandeshi;Khanheshi;Khandeshi;Khandeshi;Khandeshi;Khandeshi;Khandeshi;Khandeshi;;Khandeshi;x;
KHO;Khorasan;Khorasan;Khorasan;Khorasan;Khorasan;Khorasan;Khorasan;Khorasan;Khorasan;Khorasan;Khorasan;;Khorasan;x;
KHO_ADJ;Khorasan;Khorasan;Khorasan;Khorasan;Khorasan;Khorasan;Khorasan;Khorasan;Khorasan;Khorasan;Khorasan;;Khorasan;x;
KLE;Cleves;Cleves;Klammer;Cleves;Cleves;Cleves;Klammer;Cleves;Csevegés;Klei;Clares;;Pilata;x;
KLE_ADJ;Clevian;Clevien;Clevianer;Clevian;Cleviano;Clevian;Clevian;Clevian;Clevan;Clevian;Clevi;;Klevian;x;
KNI;The Knights;Les chevaliers;Die Ritter;Rycerze;Los Caballeros;I cavalieri;Riddarna;Rytíri;A lovagok;De ridders;Os cavaleiros;;Ritarit;x;
KNI_ADJ;Knights';Chevaliers ';Ritter';Rycerze;Caballeros;Knights ';"Riddare """;Rytíri ';Lovagok;Ridders;Cavaleiros;;Ritarit;x;
KOJ;Jerusalem;Jérusalem;Jerusalem;Jerozolima;Jerusalén;Gerusalemme;Jerusalem;Jeruzalém;Jeruzsálem;Jeruzalem;Jerusalém;;Jerusalem;x;
KOJ_ADJ;Jerusalemite;Jérusalemite;Jerusalemite;Jerusalemit;Jerusalemita;Gerusalemite;Jerusalemit;Jeruzalemite;Jeruzsálemit;Jeruzalemite;Jerusalemite;;Jerusalemite;x;
KOL;Cologne;Eau de Cologne;Köln;Kolonia;Colonia;Colonia;Köln;Kolínská ctvrt;kölni;Keulen;Colônia;;Köln;x;
KOL_ADJ;Colognian;Cognian;Kollogisch;Cologognian;Colágano;Colonia;Kolonnisk;Cickian;Füzös;Cologne;Cologia;;Väyläs;x;
KON;Kongo;Kongo;Kongo;Kongo;Kongo;Kongo;Kongo;Kongo;Kongo;Kongo;KONGO;;KONGO;x;
KON_ADJ;Kongolese;Kongolais;Kongolese;Kongolese;Kongolés;Kongolese;Kongolesisk;Kongolese;Kongolese;Kongolese;Kongolese;;Kongolese;x;
KRK;Carnatic;Carnaticien;Karnatisch;Carnatic;Carnático;Carnatico;Carnatisk;Karnatický;Karna-;Carnatic;Carnático;;Vaunut;x;
KRK_ADJ;Carnatic;Carnaticien;Karnatisch;Carnatic;Carnático;Carnatico;Carnatisk;Karnatický;Karna-;Carnatic;Carnático;;Vaunut;x;
KTH;Ceylon;Ceylan;Ceylon;Ceylon;Ceilán;Ceylon;Ceylon;Cejlon;Ceylon;Ceylon;Ceilão;;Ceylon;x;
KTH_ADJ;Ceylonese;Ceylonais;Ceylonese;Ceylonese;Ceilonese;Ceylonese;Ceylones;Ceylonese;Ceylonese;Ceylonese;Ceilonês;;Ceylonese;x;
KUR;Kurland;Kurland;Kurland;Kurland;Kurland;Kurland;Kurland;Kurland;Kurland;Kurland;Kurland;;Kurland;x;
KUR_ADJ;Kurlandian;Kurlandian;Kurlandisch;Kurlandian;Kurlandia;Kurlandiano;Kurlandsk;Kurlanian;Kurusi;Kurland;Kurlandian;;Kurlandian;x;
KZH;Kazakh;Kazakh;Kasakh;Kazach;Kazakh;Kazako;Kazach;Kazakh;kazah;Kazachs;Cazaque;;Kazaksah;x;
KZH_ADJ;Kazakhi;Kazakhi;Kasachi;Kazachhi;Kazakhi;Kazakhi;Kazakhi;Kazakhi;Kazahi;Kazakhi;Cazaqui;;Kazakhi;x;
LAN;Lancaster;Lancaster;Lancaster;Lancaster;Lancaster;Lancaster;Lancaster;Lancaster;Lancaster;Lancaster;Lancaster;;Lancaster;x;
LAN_ADJ;Lancastrian;Lancastrien;Lancatrian;Lancastrian;Lancastrian;Lancastrian;Lancastrian;Lancastrian;lancasteri;Lancastrian;Lancastrian;;Lancastrilainen;x;
LAU;Saxe-Lauenburg;Saxe-Lauenburg;Saxe-Lauenburg;Saxe-Lauenburg;Saxe-lauenburg;Saxe-Lauenburg;Saxe-lauenburg;Saxe-Lauenburg;Saxe-Lauenburg;SAXE-LAUENBURG;Saxe-Lauenburg;;Saxe-Lauenburg;x;
LAU_ADJ;Lauenburgian;Lauenburgien;Lauenburgisch;Lauenburgian;Lauenburgia;Lauenburburnian;Lauenburgsk;Lauenburgian;Lauenburgi;Lauenburgian;Lauenburgian;;Lauenburg;x;
LEI;Leinster;Leinster;Leinster;Leinster;Leinster;Leinster;Leinster;Leadster;Leinster;Leinster;Leinster;;Leinster;x;
LEI_ADJ;Leinster;Leinster;Leinster;Leinster;Leinster;Leinster;Leinster;Leadster;Leinster;Leinster;Leinster;;Leinster;x;
LIE;Liege;Liege;Lüttich;Lenny;Feudal;Liegi;Liege;Liege;Liege;Luik;Liege;;Leuge;x;
LIE_ADJ;Liegian;Liege;Liegian;Liegian;Liegio;Liegiano;Liegian;Liegian;Liegi;LIEGANIAN;Liegian;;Liegian;x;
LIV;Livonian Order;Ordre Livonien;Livonische Ordnung;Rzedu Livonijskie;Orden Livón;Ordine Livonico;Livonisk Ordning;Livonský Rád;Livoni Rend;Livonische Orde;Ordem Livoniana;;Livonian Järjestys;x;
LIV_ADJ;Livonian;Livonien;Livonisch;Livonian;Livón;Livonian;Livonisk;Livonian;Livoni;Livonian;Livonian;;Liivoni;x;
LNA;Lan Na;Lan na;Lan na;LAN NA;Lan na;LAN NA;LAN NA;LAN NA;Lan;LAN NA;Lan na;;Lan na;x;
LNA_ADJ;Lan Nan;Lan nan;Lan Nan;LAN NAN;Lan nan;LAN NAN;LAN NAN;LAN NAN;Lan nan;LAN NAN;Lan nan;;Lan Nan;x;
LOA;Loango;Loango;Lobo;Loango;Loango;Loango;Loango;Loango;Loango;Loango;Loango;;Loango;x;
LOA_ADJ;Loangoni;Loangoni;Lohnoni;Loangoni;Leangoni;Laongoni;Loangoni;Loangoni;Loangoni;Loangoni;Loangoni;;Loangoni;x;
LOR;Lorraine;Lorraine;Lorraine;Lorraine;Lorena;Lorena;Lorraine;Lorraine;Lorraine;Lotharingen;Lorraine;;Lorraine;x;
LOR_ADJ;Lorrainian;Lorrainien;Lorrainer;Lorranian;Lorrainiano;Lorrainiano;Lorrain;Lorrarainian;Lorrainian;Larainisch;Lorrainian;;Lorrainalainen;x;
LOU;Louisiana;Louisiane;Louisiana;Luizjana;Luisiana;Louisiana;Louisiana;Louisiana;Louisiana;Louisiana;Louisiana;;Louisiana;x;
LOU_ADJ;Louisianan;Louisiane;Louisianan;Luizjan;Louisianan;Louisianan;Louisianan;Louisianan;Louisianan;Louisianan;Louisiana;;Louisianan;x;
LUN;Lüneburg;Lüneburg;Lüneburg;Lüneburg;Lüneburg;Lüneburg;Lüneburg;Lüneburg;Lüneburg;Lüneburg;Lüneburg;;Lüneburg;x;
LUN_ADJ;Luneburgian;Lunéburgien;Luneburgian;Luneburgian;Luneburgio;Luneburnian;Luneburgisk;Leuneburgian;Luneburcius;Luneburgs;Luneburgian;;Luneburgian;x;
LXA;Lan Xang;Lan xang;Lan Xang;LAN Xang;Lan xang;LAN XANG;Lan Xang;LAN Xang;Lan xang;LAN XANG;LAN Xang;;Lan Xang;x;
LXA_ADJ;Lan Xangi;Lan Xangi;Lan Xangi;LAN XANGI;Lan xangi;LAN XANGI;LAN XANGI;LAN Xangi;Lan Xangi;LAN XANGI;LAN Xangi;;Lan Xangi;x;
MAD;Madurai;Madurai;Madurai;Madurai;Madurai;Madurai;Madurai;Madurai;Madurai;Madurai;Madurai;;Madurai;x;
MAD_ADJ;Madurain;Madurain;Madurain;Madurain;Madurain;Maduran;Madurain;Madurain;Madurain;Madurain;Madurain;;Madurain;x;
MAG;Magdeburg;Magdebourg;Magdeburg;Magdeburg;Magdeburgo;Magdeburgo;Magdeburg;Magdeburg;Magdeburg;Magdeburg;Magdeburg;;Magdeburg;x;
MAG_ADJ;Magdeburgian;Magdeburgien;Magdeburgian;Magdeburgia;Magdeburgo;Magdeburgo;Magdeburgisk;Magdeburgian;Magdeburgi;Magdeburg;Magdeburgo;;Magdeburgian;x;
MAI;Mainz;Marin;Mainz;Mainz;Maguncia;Mainz;Mainz;Mainz;Mainz;Mainz;Mainz;;Mainz;x;
MAI_ADJ;Mainzian;Mainzian;Mainzian;Mainzijczyk;Mainziano;Mainziano;Mainzian;Mainzian;Mainzian;Mainzian;Mainzian;;Tärkein;x;
MAJ;Majapahit;Majapahit;Majapahit;Majapahit;Majapahit;Majapahit;Majapahit;Majapahit;Majapahit;Majapahit;Majapahit;;Majapahit;x;
MAJ_ADJ;Majapahit;Majapahit;Majapahit;Majapahit;Majapahit;Majapahit;Majapahit;Majapahit;Majapahit;Majapahit;Majapahit;;Majapahit;x;
MAL;Mali;Malheur;Mali;Mali;Mali;Mali;Mali;Mali;Mali;Mali;Mali;;Mali;x;
MAL_ADJ;Malian;Malien;Malian;Malian;Maleño;Maliano;Malisk;Malian;Malian;Malines;Malian;;Malian;x;
MAM_ADJ;Mamelukan;Mamelukan;Mamelukan;Mamelukan;Mamelukan;Mamelukan;Mamelukan;Mamelukan;Mamelukan;Mamelukan;Mamelukan;;Mamelukan;x;
MAR;Maharasthra;Maharastthra;Maharasthra;Maharasthra;Maharasthra;Maharasthra;Maharasthra;Maharasthra;Maharasthra;Maharasthra;Maharasthra;;Maharasthra;x;
MAR_ADJ;Maharasthri;Maharashri;Maharasthri;Maharashri;Maharasthri;Maharasthri;Maharasthri;Maharasthri;Maharasthri;Maharashri;Maharasthri;;Maharasthri;x;
MAY;Maya;Maya;Maya;Maya;maya;maya;Maya;Maya;Maya;Maya;Maya;;maya;x;
MAY_ADJ;Mayan;Maya;Maya-;Majski;maya;Maya;Mayan;Mayan;Mayan;Mayan;Maia;;maya;x;
MAZ;Mazovia;Mazovia;Mazovia;Mazowsze;Mazovia;Mazovia;Mazovia;Mazovia;Mazóvia;Mazovia;Mazovia;;Mazovia;x;
MAZ_ADJ;Mazovian;Mazovien;Mazovier;Mazowieckie;Mazovio;Mazovia;Mazovisk;Mazovian;Mazovian;Mazovië;Mazoviano;;Mazovian;x;
MCH;Manchu;Manchu;Manschu;Manchu;Manchú;Manchu;Manchu;Manchu;Manchu;Manchu;Manchu;;Manchu;x;
MCH_ADJ;Manchurian;Manchurian;Mannchurisch;Manchurian;Manchuriano;Mancuriano;Manchurisk;Manchurian;Manchuriai;Manchurian;Manchurian;;Manchurian;x;
MEI;Meissen;Meissen;Meissen;Meissen;Meissen;Meissen;Meissen;Meissen;Meissen;Meissen;Meissen;;Meissen;x;
MEI_ADJ;Meissen;Meissen;Meissen;Meissen;Meissen;Meissen;Meissen;Meissen;Meissen;Meissen;Meissen;;Meissen;x;
MEN;Mentese;Mentien;Mentesese;Mentese;Mentira;Mente;Mentes;Mentese;Mente;Mentees;Mente;;Mento;x;
MEN_ADJ;Mentese;Mentien;Mentesese;Mentese;Mentira;Mente;Mentes;Mentese;Mente;Mentees;Mente;;Mento;x;
MIN;Minamoto;Minamoto;Minamoto;Minamoto;Minamoto;Minamoto;Minamoto;Minamoto;Minamoto;Minamoto;Minamoto;;Minamoto;x;
MIN_ADJ;Minamotan;Minamotan;Minamotan;Minamotan;Minamotán;Minamotan;Minamotan;Minamotan;Minamotán;Minamotan;Minamotan;;Minamotan;x;
MKS;Makassar;Makassar;Makassar;Makassar;Makassar;Makassar;Makassar;Makassar;Makassar;Makassar;Makassar;;Makassar;x;
MKS_ADJ;Makassari;Makassari;Makassari;Makassari;Makassari;Makassari;Makassari;Makassari;Makassari;Makassari;Makassari;;Makasasari;x;
MLB;Manipur;Manipur;Manipur;Manipur;Manipurador;Manipurino;Manipur;Manipur;Manipur;Manipur;Manipur;;Manipur;x;
MLB_ADJ;Manipurian;Manipurien;Manipurier;Manipurian;Manipuriano;Manipuliano;Manipurisk;Manipurian;Manipuriai;Manipuristisch;Manipurian;;Manipurialainen;x;
MLC;Malacca;Malaccen;Malakka;Malacca;Malacca;Malacca;Malacca;Malcca;Malacca;Malakka;Malaca;;Malacca;x;
MLC_ADJ;Malaccan;Malaccen;Malakkan;Malaccan;Malacano;Malaccan;Malakan;Malaccan;Malacci;Malakkaans;Malaccan;;Malaccan;x;
MLD;Maldive;Maldive;Maldive;Maldive;Maldición;Maldive;Maldiv;Maledive;Maldív;Maldive;Maldive;;Maldive;x;
MLD_ADJ;Maldivian;Maldivien;Maledivianer;Maldivian;Maldigiento;Maldiviano;Maldivare;Maldivian;Maldivi;Maldivian;Maldivian;;Maldivian;x;
MLW;Malwa;Malwa;Malwa;Malwa;Malwa;Malwa;Malwa;Malwa;Malwa;Malwa;Malwa;;Malwa;x;
MLW_ADJ;Malwani;Malwani;Malwani;Malwani;Malwani;Malwani;Malwani;Malwani;Malwani;Malwani;Malwani;;Malwani;x;
MNG;China;Chine;China;Chiny;China;Cina;Kina;Cína;Kína;China;China;;Kiina;x;
MNG_ADJ;Chinese;Chinois;Chinesisch;Chinski;Chino;Cinese;Kinesisk;Cínština;Kínai;Chinese;Chinês;;Kiinalainen;x;
MNS;Munster;Munster;Münster;Munster;Munster;Munster;Munster;Muncher;Munster;Munster;Munster;;Munster;x;
MNS_ADJ;Munster;Munster;Münster;Munster;Munster;Munster;Munster;Muncher;Munster;Munster;Munster;;Munster;x;
MOE;Morea;Moraa;Mehr ein;Wiecej;Mas un;Marea;Morea;Morea;Morea;Meer een;Mais um;;Morea;x;
MOE_ADJ;Morean;Maréen;Moran;Morean;Moreano;Moro;Moreansk;Morean;Morean;Morean;Morano;;Moraali;x;
MOS;Muscowy;Musculaire;Muskow;Mieszanki;Moscowy;Moscowy;Muskel;Bývalý;Izzusos;Muscowy;Muscowy;;Mustelmi;x;
MOS_ADJ;Muscovite;Moscovite;Moskauer;Muscovite;moscovita;Moscovita;Muscovit;Muscovate;Moszkovita;Moskoviet;Moscovita;;moskovalainen;x;
MSA;Malaya;Malaisie;Malaya;Malaya;Malayo;Malaya;Malaya;Malajsko;Maláj;Malaya;Malaya;;Malaya;x;
MSA_ADJ;Malayan;Malais;malaiisch;Malayan;malayo;Malayan;Malaysisk;malajský;Maláj;Malayaans;Malayan;;malaijilainen;x;
MSN;Meissen;Meissen;Meissen;Meissen;Meissen;Meissen;Meissen;Meissen;Meissen;Meissen;Meissen;;Meissen;x;
MTA;Mantua;Mantua;Mantua;Mantua;Mantua;Mantova;Mantua;Mantua;Mantua;Mantua;Mântua;;Mantua;x;
MTA_ADJ;Mantuan;Manuan;Mantuan;Mantuan;Mantuan;Mantovano;Mantuan;Mantuan;Mantüan;Mantuan;Mantuan;;Manutaan;x;
MTR;Mataram;Mataram;Mataram;Mataram;Mataram;Mataram;Mataram;Malátový;Mataram;Mataram;Mataram;;Mataraam;x;
MTR_ADJ;Matarami;Matarami;Matarami;Matarami;Matarami;Matarami;Matarami;Matrami;Matarami;Matarami;Matarami;;Matarami;x;
MUN;Münster;Münster;Münster;Münster;Münster;Münster;Münster;Münster;Münster;Münster;Münster;;Münster;x;
MUN_ADJ;Munster;Munster;Münster;Munster;Munster;Munster;Munster;Muncher;Munster;Munster;Munster;;Munster;x;
MUR;Murom;Meuble;Murom;Murom;Murom;Muromo;Murom;Murom;Morom;Montage;Murom;;Surra;x;
MUR_ADJ;Muromian;Muromien;Muromianer;Muromian;Muromio;Muromiano;Muromisk;Muromian;Muromian;Muromian;Muromian;;Muromian;x;
NAP;Naples;Naples;Neapel;Neapol;Nápoles;Napoli;Neapel;Neapol;Nápoly;Napels;Nápoles;;Napoli;x;
NAP_ADJ;Neapolitan;Napolitain;Neapolitan;Neapolitan;napolitano;napoletano;Napolitansk;Neapolský;nápolyi;Napolitaans;napolitano;;napolilainen;x;
NAV;Navarra;Navarra;Navarra;Navarra;Navarra;Navarra;Navarra;Navarra;Navarra;Navarra;Navarra;;Navarra;x;
NAV_ADJ;Navarran;Navarran;Navarran;Navarran;Navarran;Navarran;Navarrran;Navarran;Navarrán;Navarran;Navarrran;;Navarran;x;
NAX;Naxos;Naxos;Naxos;Naxos;Naxos;Naxos;Naxos;Naxos;Naxos;Naxos;Naxos;;Naxos;x;
NAX_ADJ;Naxosian;Naxosien;Naxosian;Naxosian;Naxosiano;Naxosian;Naxosiansk;Naxosian;Naxózi;Naxosiaans;Naxosian;;Naxosialainen;x;
NEV;Nevers;Jamais;Nevers;Nevers;Nunca;Nevers;Nevrar;Nevers;Nevers;Nevers;Nevers;;Ei koskaan;x;
NEV_ADJ;Neveriase;Jamais;Neveriase;Nealed;NEXIASE;Neadiase;Neveriase;NeveriaSe;Némaság;Neverlyse;Neveriase;;Koko;x;
NIZ;Deva Bengal;Deva Bengale;Deva Bengal;Deva Bengal;Deva Bengala;Deva Bengala;Devabengal;Deva Bengal;Deva bengáli;Deva Bengal;Deva Bengal;;Deva Bengal;x;
NIZ_ADJ;Deva Bengali;Deva Bengali;Deva Bengali;Deva Bengali;DEVA BENGALI;Deva bengali;Deva bengali;Deva bengálština;Deva bengáli;Deva Bengali;Deva Bengali;;Deva Bengali;x;
NOG;Nogai;Nogai;Nogai;Nogajski;Nogai;Nogai;Nogai;Nogai;Nogai;Nogai;Nogai;;Nogai;x;
NOG_ADJ;Nogai;Nogai;Nogai;Nogajski;Nogai;Nogai;Nogai;Nogai;Nogai;Nogai;Nogai;;Nogai;x;
NOL;Northumberland;Northumberland;Northumberland;Northumberland;Northumberland;Northumberland;Northumberland;Northumberland;Northumberland;Northumberland;Northumberland;;Northumberland;x;
NOL_ADJ;Northumbrian;Northumbrian;Northumbrian;Northumbrian;Norte;Northumbrian;Nordumbrian;Northumbrian;northumberlandi;Northumbrian;Northumbrian;;Northumbrian;x;
NOV;Novgorod;Novgorod;Novgorod;Nowogród;Novgorod;Novgorod;Novgorod;Novogorod;Novgorod;Novgorod;NOVGOROD;;Novgorod;x;
NOV_ADJ;Novgorodian;Novgorodien;Novgorodier;Nowogród;Novgorodio;Novgorodo;Novgorodian;Novogorodian;Novgorodian;Novgorodian;Novgorodian;;Novgorodian;x;
NRM;Normandy;la Normandie;Normandie;Normandia;Normandía;Normandia;Normandie;Normandie;Normandia;Normandië;Normandia;;Normandia;x;
NRM_ADJ;Norman;normand;normannisch;Norman;normando;Norman;Normand;Norman;normann;Norman;normando;;Norman;x;
NUB;Sudan;Soudan;Sudan;Sudan;Sudán;Sudan;Sudans;Sudan;Szudán;Soedan;Sudão;;Sudan;x;
NUB_ADJ;Sudanese;Soudanais;Sudanesisch;Sudanczyk;Sudanés;Sudanese;Sudanes;Súdánský;Szudáni;Soedanees;Sudanês;;Sudanilainen;x;
NZH;Nizhny Novgorod;Nizhny Novgorod;Nischni Nowgorod;Nizhny Novgorod;Nizhny Novgorod;Nizhny Novgorod;Nizhny Novgorod;Nižnij Novgorod;Nizhny Novgorod;Nizhny Novgorod;Nizhny Novgorod;;Nizhny Novgorod;x;
NZH_ADJ;Nizhny Novgorodian;Nizhny Novgorodian;Nischni Novgorodian;Nizhny Novgorodian;Nizhny Novgorodian;Nizhny Novgororodian;Nizhny Novgorodian;Nižnij Novgorodian;Nizhny Novgorodian;Nizhny Novgorodian;Nizhny Novgorodian;;Nizhny Novgorodian;x;
OIR;Oirat;Oitre;Orialat;Oirat;Oirat;Orat;Oirat;Oirat;Oirat;Oirat;OIRAT;;Oirat;x;
OIR_ADJ;Oirat Horde;Oirat Horde;Oirat Horde;Oirat Horde;Oirat Horde;Oirat Horde;Oirat horde;Oirat Horde;Oirat Horde;Oirat Horde;OIRAT HORDE;;Oirat Horde;x;
ORL;Orleans;Orléans;Orleans;Orlean;Orleans;Orleans;Orleans;Orleans;Orleans;Orleans;Orleans;;Orleans;x;
ORL_ADJ;Orleanaise;Orléanaise;Orleanaise;Orleanie;Orleanaise;Orleanaise;Orleanaise;Orleanise;Orleanaise;Orleanaise;Orleantese;;Orleanaise;x;
OYO;Oyo;Oyo;Oyo;Oyo;Oo;Oyo;Ojo;Oyo;Oyo;O Yo;OYO;;Oyo;x;
OYO_ADJ;Oyo;Oyo;Oyo;Oyo;Oo;Oyo;Ojo;Oyo;Oyo;O Yo;OYO;;Oyo;x;
PAL;The Palatinate;Le palatinat;Das Pfalz;Palatynat;El palatinado;Il Palatinato;Pfalz;Palce;A palatatátus;De palts;O palatinado;;Palatinate;x;
PAL_ADJ;Palatine;Palatin;Palatin;Palatyn;Palatino;Palatino;Palatin;Palatina;Palatin;Palatine;Palatina;;Palatine;x;
PAT;Pattani;Pattani;Pattani;Pattani;Pattani;Pattani;Pattani;Pattani;Pattani;Pattani;Pattani;;Pattani;x;
PAT_ADJ;Pattani;Pattani;Pattani;Pattani;Pattani;Pattani;Pattani;Pattani;Pattani;Pattani;Pattani;;Pattani;x;
PEG;Pegu;Petu;Pegu;Pegu;Pelar;Pegu;Pegu;Pegu;Pohár;Pegu;Pegu;;Pegu;x;
PEG_ADJ;Pegu;Petu;Pegu;Pegu;Pelar;Pegu;Pegu;Pegu;Pohár;Pegu;Pegu;;Pegu;x;
PER;Iran;L'Iran;Iran;Iran;Irán;Iran;Iran;Írán;Irán;Iran;Irã;;Iran;x;
PER_ADJ;Iranian;Iranien;Iranisch;Iranski;Iraní;Iraniano;Iransk;Íránský;Iráni;Iraans;Iraniano;;Iranilainen;x;
PIS;Pisa;Pise;Pisa;Piza;Pisa;Pisa;Pisa;Pisa;Pisa;Pisa;Pisa;;Pisa;x;
PIS_ADJ;Pisan;Pisan;Pisan;Pisan;Pisano;Pisan;Pisan;Pisan;Pisán;Pisan;Pisan;;Pisan;x;
PLT;Polotsk;Polotsk;Pollotsk;Polotsk;Polotsk;Politsk;Polotsk;Polotsk;Polotk;Polotsk;Polotsk;;Polotsk;x;
PLT_ADJ;Polotskian;Polotskien;Polotskan;Polotskian;Polotería;Pootskian;Polotskisk;Polotskian;Polotski;Polotskian;Polotskian;;Polotskian;x;
POM;Pommerania;Pommeranie;Pommeranien;Pommerania;Pommerania;Pommernia;Pommerania;Pommerania;Pommeránia;Pommerania;Pommerania;;Pommerania;x;
POM_ADJ;Pommeranian;Pommeranien;Pommeraner;Pommeranian;Pommeraniano;Pommeraniano;Pommeranian;Pommeranian;Pommarániai;Pommeranian;Pommeranian;;Pommernian;x;
POR;Portugal;le Portugal;Portugal;Portugalia;Portugal;Portogallo;Portugal;Portugalsko;Portugália;Portugal;Portugal;;Portugali;x;
POR_ADJ;Portuguese;Portugais;Portugiesisch;portugalski;portugués;portoghese;Portugisisk;portugalština;portugál;Portugees;Português;;Portugalin kieli;x;
PRO;Provence;Provence;Provence;Prowansja;Provechnes;Provenza;Provence;Provence;Provence;De Provence;Provence;;Provence;x;
PRO_ADJ;Provencal;provençal;Provenzalisch;Prowansalski;provenzal;provenzale;Provencalsk;Provensálský;Provencal;Provencaals;provençal;;Provencel;x;
PSK;Pskov;Pskov;Pskov;Pskov;PSKOV;Pskov;Pskov;Pskov;Pskov;Pskov;Pskov;;Pskov;x;
PSK_ADJ;Pskovian;Pskovien;Pskovianisch;Pskajski;Pskoviano;Pskovian;Pskovian;Pskovian;Pskovian;Pskovian;Pskoviano;;PSKOVIAN;x;
QAR;Qara Koyunlu;Qara koyunlu;QARA Koyunlu;Qara Koyunlu;Qara koyunlu;Qara Koyunlu;Qara Koyunlu;Qara Koyunlu;Qara Koyunlu;Qara koyunlu;Qara Koyunlu;;Qara Koyunlu;x;
QAR_ADJ;Qara Koyunlu;Qara koyunlu;QARA Koyunlu;Qara Koyunlu;Qara koyunlu;Qara Koyunlu;Qara Koyunlu;Qara Koyunlu;Qara Koyunlu;Qara koyunlu;Qara Koyunlu;;Qara Koyunlu;x;
QAS;Qasim Khanate;Qasim khanate;Qasim Khanate;Qasim khanate;Qasim Khanate;Qasim Khanate;Qasim Khanate;Qasim Khanate;Qasim Khanate;Qasim Khanate;Qasim Khanate;;Qasim Khanaatti;x;
QAS_ADJ;Qasim Khanate;Qasim khanate;Qasim Khanate;Qasim khanate;Qasim Khanate;Qasim Khanate;Qasim Khanate;Qasim Khanate;Qasim Khanate;Qasim Khanate;Qasim Khanate;;Qasim Khanaatti;x;
QIN;Qin;Qin;Qin;Qin;Qin;Qin;Qin;Qin;Qin;Qin;Qin;;Qin;x;
QIN_ADJ;Qin;Qin;Qin;Qin;Qin;Qin;Qin;Qin;Qin;Qin;Qin;;Qin;x;
RAG;Ragusa;Ragusa;Ragusa;Ragusa;Ragusa;Ragusa;Ragusa;Ragusa;Ragusa;Ragusa;Ragusa;;Ragusa;x;
RAG_ADJ;Ragusan;Ragusan;Ragusan;Ragusan;Ragusan;Ragusan;Ragusan;Ragusan;Ronzán;Ragusan;Ragusan;;Ragusan;x;
RAJ;Rajputana;Rajputana;Rajputana;Rajputana;Rajputana;Rajputana;Rajputana;Rajputana;Rajputana;Rajputana;Rajputana;;Rajputana;x;
RAJ_ADJ;Rajputni;Rajputni;Rajputni;Rajputni;Rajputni;Rajputni;Rajputni;Rajputni;Rajputni;Rajputni;Rajputni;;Rajputni;x;
RAM;Ramazan;Ramazan;Ramazan;Ramazan;Ramazan;Ramazan;Rusazan;Ramazan;Ramazán;Ramazan;Ramazan;;Ramazan;x;
RAM_ADJ;Ramazani;Ramazani;Ramazani;Ramazani;Ramazani;Ramazani;Ramazani;Ramazani;Ramazani;Ramazani;Ramazani;;Ramazani;x;
RFR;Revolutionary France;France révolutionnaire;Revolutionärer Frankreich;Rewolucyjna Francja;Revolucionario Francia;Rivoluzionario Francia;Revolutionerande frankrike;Revolucní Francie;Forradalmi Franciaország;Revolutionair Frankrijk;Revolucionária França;;Vallankumouksellinen Ranska;x;
RFR_ADJ;Napoleonic;Napoléonien;napoleonisch;Napoleonczyk;napoleónico;napoleonico;Napoleon;Napoleonic;napóleoni;Napoleontisch;Napoleônico;;Napoleoninen;x;
RIG;Riga;Riga;Riga;Ryga;Riga;Riga;Riga;Riga;Riga;Riga;Riga;;Riika;x;
RIG_ADJ;Rigan;Rigan;Rigan;Rigan;Rigan;Rigan;Rigan;Rigan;Rigán;Rigan;Rigan;;Rigan;x;
RYA;Ryazan;Ryazan;Ryazan;Ryrazan;Ryazan;Ryazan;Ryazan;Ryazan;Rozazán;Ryazan;Ryazan;;Ryazan;x;
RYA_ADJ;Ryazanian;Ryazanien;Ryazanian;Ryazanian;Ryazaniano;Ryazanian;Ryazanian;Ryazanian;Rhazániai;Ryazanian;Ryazanian;;Ryazanian;x;
RYU;Ryukyu;Ryukyu;Ryukkyu;Ryukyu;Ryukyu;Ryukyu;Ryukyu;Ryukyu;Ryukyu;Ryukyu;Ryukyu;;Ryukyu;x;
RYU_ADJ;Ryukyuan;Ryukyuan;Ryukyuan;Ryukyuan;Ryukyuan;Ryukyuan;Ryukyuan;Ryukyuan;Ryukyuan;Ryukyuan;Ryukyuan;;Ryukyuan;x;
SAV;Savoy;Savoie;Wirsing;Savoy;Saboya;Savoia;Savojen;Savoy;Savoy;Savoy;Savoy;;Saava;x;
SAV_ADJ;Savoyard;savoyard;Savoyard;Sabaudczyk;saboyano;Savoiard;Savoyard;Savoyard;szavojai;Savoyard;Savoyard;;Savoyard;x;
SHA;Shawnee;Shawnee;Shawnee;Shawnee;Shawnee;Shawnee;Shawnee;Shawnee;Shawnee;Shawnee;Shawnee;;Shawnee;x;
SHA_ADJ;Shawnee;Shawnee;Shawnee;Shawnee;Shawnee;Shawnee;Shawnee;Shawnee;Shawnee;Shawnee;Shawnee;;Shawnee;x;
SIB;Sibir;Sibir;Sibir;Sibir;Sibir;Sibir;Sibir;Sibir;Sibir;Sibir;Sibir;;Sibir;x;
SIB_ADJ;Sibirian;Sibirien;Sibirier;Sybiria;Sibiriano;Sibiriano;Sibirian;Sibirian;Szibiriai;Sibirian;Sibirian;;Sibirian;x;
SII;Sicily;Sicile;Sizilien;Sycylia;Sicilia;Sicilia;Sicilien;Sicílie;Szicília;Sicilië;Sicília;;Sisilia;x;
SII_ADJ;Sicilian;Sicilien;sizilianisch;sycylijski;siciliano;siciliano;Siciliansk;sicilský;szicíliai;Siciliaans;siciliano;;Sisilialainen;x;
SIL;Silesia;Silésie;Schlesien;Slask;Silesia;SIESIA;Silesi;Slezsko;Szilézia;Silezië;Silésia;;Silesia;x;
SIL_ADJ;Silesian;Silésien;Schlesische;Slaski;Silesiano;Silesiano;Silesisk;Slezsko;Sziléziai;Silezië;Silesian;;Silesian;x;
SLZ;Salzburg;Salzbourg;Salzburg;Salzburg;Salsburgo;Salisburgo;Salzburg;Salzburg;Salzburgi;Salzburg;Salzburg;;Salzburg;x;
SLZ_ADJ;Salzburgian;Salzburgien;Salzburgianer;Salzburgia;Salzburgo;Salisburgo;Salzburger;Salzburgian;Salzburgi;Salzburgs;Salzburgian;;Salzburgian;x;
SMO;Smolensk;Smolensk;Smolensk;Smolensk;Smolensk;Smolensk;Smolensk;Smolensk;Smolensk;Smolensk;Smolensk;;Smolensk;x;
SMO_ADJ;Smolenskian;Smolenskian;Smolenkian;Smolenskinski;Smolenskian;Smolenskian;Smolenskisk;Smolenskian;Smolenski;Smolenskian;Smolenskian;;Smolenskian;x;
SNA;Siena;Sienne;Siena;Siena;Siena;Siena;Siena;Siena;Siena;Siena;Siena;;Siena;x;
SNA_ADJ;Sienese;Sienese;Sienese;Sienese;Sienés;Senese;Sien;Sienese;Sienese;Sienese;Sienese;;Siienilainen;x;
SOF;Segu;Seiguer;Segu;Segu;Segu;Seg;Seg;Segu;Szegély;Segu;Segu;;Segu;x;
SOF_ADJ;Seguian;Seguien;Seguian;Seguinski;Segiano;Seguian;Segu;Seguian;Seguian;Seguan;Seguian;;Seguian;x;
SON;Songhai;Songhai;Sohnhai;Songhai;Songhai;Songhai;Songhai;Songhai;Songhai;Songhai;Songhai;;Songhai;x;
SON_ADJ;Songhain;Selleghain;Songhain;Songhain;Songhain;Songghain;Songvain;Songhain;Songhain;Songhain;Songhain;;Songhain;x;
SRD;Sardinia;Sardaigne;Sardinien;Sardynia;Cerdeña;Sardegna;Sardinien;Sardinie;Szardínia;Sardinië;Sardenha;;Sardinia;x;
SRD_ADJ;Sardinian;Sarde;Sardinier;Sardynian;sardo;Sardo;Sardinsk;Sardinan;szardíniai;Sardisch;Sardenha;;Sardinialainen;x;
SRU;Saruhan;Saruhan;Saruhan;Saruhan;Saruhan;Saruhan;Saruhan;Saruhan;Saruhan;Saruhan;Saruhan;;Saruhan;x;
SRU_ADJ;Saruhani;Saruhani;Saruhani;Saruhani;Saruhani;Saruhani;Saruhani;Saruhani;Saruhani;Saruhani;Saruhani;;Saruhani;x;
SST;Shan;Shan;Shan;Shan;Shan;Shan;Shan;Shan;Shan;Shan;Shan;;Shan;x;
SST_ADJ;Shan;Shan;Shan;Shan;Shan;Shan;Shan;Shan;Shan;Shan;Shan;;Shan;x;
STY;Styria;Styrie;Steiermark;Styria;Estiria;Stiria;Steiersk;Štýrsko;Stájerország;Stiermarken;Estíria;;Styria;x;
STY_ADJ;Styrian;Styrien;Steirisch;Styrian;Estirio;Stiria;Styrian;Stérský;Stájú;Stiermans;Estírio;;Styrian;x;
SUK;Sukhothai;Sukhothai;Sukhothai;Sukhothai;Sukhothai;Sukhothai;Sukhothai;Sukhothai;Sukhothai;Sukhothai;Sukhothai;;Sukhothai;x;
SUK_ADJ;Sukhothai;Sukhothai;Sukhothai;Sukhothai;Sukhothai;Sukhothai;Sukhothai;Sukhothai;Sukhothai;Sukhothai;Sukhothai;;Sukhothai;x;
SUL;Sulu;Sulu;Sulu;Sulu;Sulu;Solco;Sulu;Sulu;Szullát;Zwijn;Sulu;;Sulu;x;
SUL_ADJ;Sulu;Sulu;Sulu;Sulu;Sulu;Solco;Sulu;Sulu;Szullát;Zwijn;Sulu;;Sulu;x;
SWA;Kenya;Kenya;Kenia;Kenia;Kenia;Kenya;Kenya;Kena;Kenya;Kenia;Quênia;;Kenia;x;
SWA_ADJ;Kenya;Kenya;Kenia;Kenia;Kenia;Kenya;Kenya;Kena;Kenya;Kenia;Quênia;;Kenia;x;
SYR;Syria;Syrie;Syrien;Syria;Siria;Siria;Syrien;Sýrie;Szíria;Syrië;Síria;;Syyria;x;
SYR_ADJ;Syrian;Syrien;Syrisch;Syryjski;Sirio;Siriano;Syrisk;Syran;Szír;Syrisch;Sírio;;Syyriankielinen;x;
TAC;Tachibana;Tachibana;Tachibana;Tachibana;Tachibana;Tachibana;Tachibana;Tachibana;Tachibana;Tachibana;Tachibana;;Tachibana;x;
TAC_ADJ;Tachibanan;Tachibanan;Tachibanan;Tachibanan;Taquibanano;Tachibanano;Tachibanan;Tachibanan;Tachibanan;Tachibanan;Taquibanano;;Tachibanan;x;
TAI;Taira;Taira;Taira;Taira;Taira;Taira;Taira;Taira;Taira;Taira;Taira;;Taira;x;
TAI_ADJ;Tairan;Tairan;Tairaner;Tairan;Tairan;Tairan;Tair;Tairan;Tairan;TAIRAN;Tairan;;Tairan;x;
TBZ;Trebizond;Trebizond;Trebizond;Trebizond;Trebizond;Trebizond;Trebizond;Trebizond;Trebizond;Trebizond;Treebizond;;Trebizond;x;
TBZ_ADJ;Trebizondian;Trebizondian;Trebizondian;Trebizondianin;Trebizondiano;Trebizondo;Trebizondian;Trebizondian;Trebizondian;Trebizondiaan;Trebizondian;;Trebizondian;x;
TER;Trier;Trier;Trier;TRIER;Trier;Trierrier;Trier;Trier;Trier;Trier;Trier;;Trier;x;
TER_ADJ;Trierian;Trieran;Trierer;Tryjczyk;Trierán;Trieri;Trierän;Trierian;Trierianus;Trierian;Trieriano;;Trierialainen;x;
TEU;Teutonic Order;Ordre teutonique;Teutonische Reihenfolge;Rozkaza;Orden teutónico;Ordine teutonico;Teutonisk ordning;Teutonic narízení;Teutoni rend;Teutone Order;Ordem Teutônica;;Teutoninen järjestys;x;
TEU;Teutonic Order;Ordre teutonique;Teutonische Reihenfolge;Rozkaza;Orden teutónico;Ordine teutonico;Teutonisk ordning;Teutonic narízení;Teutoni rend;Teutone Order;Ordem Teutônica;;Teutoninen järjestys;x;
TEU_ADJ;Teutonic;teutonique;Teutonic;teutonski;teutónico;Teutonico;Teutonisk;teutonský;teuton;Teutoon;Teutônico;;Teutoninen;x;
TEU_ADJ;Teutonic;teutonique;Teutonic;teutonski;teutónico;Teutonico;Teutonisk;teutonský;teuton;Teutoon;Teutônico;;Teutoninen;x;
THU;Thuringia;Thuringe;Thüringen;Turyngia;Turingia;Turingia;Thuringia;Durynsko;Thüringia;Thuringia;Turíngia;;Thuringia;x;
THU_ADJ;Thuringian;Thuringe;Thüringer;Turynski;Turadora;Turingian;Thuringian;Thurynsko;Türkész;Thuringian;Thuringian;;Thüringen;x;
TIM;Timurids;Timuidés;Timurids;Timuryrids;Timuridos;Timurids;Timurid;Timuridy;Timurids;Timurids;Timurids;;TIMURIDS;x;
TIM_ADJ;Timurid;Timurien;Timurid;Timurid;Timurí;Timurid;Timurid;Timurid;Timurid;Timurid;Timurid;;Timuridi;x;
TIR;Tirol;Tirol;Tirol;Tyrol;Tirol;Tirolo;Tyrol;Tirol;Tirol;Tirol;Tirol;;Tiroli;x;
TIR_ADJ;Tyrolian;Tyranien;Tiroler;Tyrolijczyk;Tiroliano;Tirooliano;Tyrolsk;Tyrolský;Tiroli;TIROLIER;Tirolian;;Tyrolialainen;x;
TOK;Tonkin;Tonkin;Tonkin;Tonkin;Tonelada;Tonkin;Tonkin;Tonkin;Tonkin;Tonkin;Tonca;;Tonkin;x;
TOK_ADJ;Tonkini;Tonkini;Tonkini;Tonkini;Tonkini;Tonkini;Tonkini;Tonkini;Tonkini;Tonkini;Tonkini;;Tonkini;x;
TOU;Toulouse;Toulouse;Toulouse;Tuluza;Toulouse;Toulouse;Toulouse;Toulouse;Toulouse;Toulouse;Toulouse;;Toulouse;x;
TOU_ADJ;Toulousian;Toulousien;Touousan;Toulousian;Toulousiano;Toulousiano;Toulousian;Tourousian;Toulousian;Toulousianian;Toulousian;;Toulousian;x;
TRV;Travanacore;Travanacore;Travanacore;Travanacore;Travanacore;Travanacore;Travanacore;Travanacore;Travanacore;Travanacore;Travanacore;;Travancore;x;
TVE;Tver;Tver;Tver;Tver;Tver;Tver;Tver;Tver;Tver;Tver;Tver;;Tver;x;
TVE_ADJ;Tverian;Tverian;Tverian;Tverian;Tverian;Tverian;Terver;Tverian;Tverium;Tverian;Tverian;;Tverian;x;
TYR;Tyrone;Tyrone;Tyrone;Tyrone;Tyrone;Tyrone;Tyron;Tyronový;Tyron;Tyrone;Tyrone;;Tironi;x;
TYR_ADJ;Tyrone;Tyrone;Tyrone;Tyrone;Tyrone;Tyrone;Tyron;Tyronový;Tyron;Tyrone;Tyrone;;Tironi;x;
ULM;Ulm;Ulm;Ulm;Ulm;Ulm;Ulm;Ulm;Ulm;Ulm;Ulm;Ulm;;Ulm;x;
ULM_ADJ;Ulmer;Ulmer;Ulmer;Ulmer;Ulmador;Ulmerà;Jolle;Ulmer;Ulmer;Ulmer;Ulmer;;Ulmer;x;
URB;Urbino;Urbino;Urbino;Urbino;Urbino;Urbino;Urbino;Urbino;Urbino;Urbino;Urbino;;Urbino;x;
URB_ADJ;Urbinese;Urbinais;Urbinese;Urbinese;Urbinese;Urbinese;Urbins;Urbinese;Urbinese;Urbines;Urbinês;;Urbinese;x;
UTR;Utrecht;Utrecht;Utrecht;Utrecht;Utrecht;Utrecht;Utrecht;Utrecht;Utrecht;Utrecht;Utrecht;;Utrecht;x;
UTR_ADJ;Utrechtian;Utrechtan;Utrechtian;Utrechtian;Utrechtian;Utrechtian;Utrechtian;Utrechtian;Utrechtian;Utrechtian;Utrechtian;;Utrechtian;x;
VIE_ADJ;Vientianese;Viciété;Vientianese;Viennianes;Vientífico;Vientianese;Vientianes;Vientianština;Vientianti;Vientianese;Viencianese;;Vientianilainen;x;
VIJ;Vijayanagar;Vijayanagar;Vijayanagar;Vijayanagar;Vijayanagar;Vijayanagar;Vijayanagar;Vijayanagar;Vijayanagar;Vijayanagar;Vijayanagar;;Vijayanagar;x;
VIJ_ADJ;Vijaynagari;Vijaynagari;Vijaynagari;Vijaynagari;Vijaynagari;Vijaynagari;Vijaynagari;Vijaynagari;Vijaynagari;Vijaynagari;Vijaynagari;;Vijaynagari;x;
VLA;Vladimir;Vladimir;Wladimir;Vladimir;Vladimir;Vladimir;Vladimir;Vladimir;Vladimir;Vladimir;Vladimir;;Vladimir;x;
VLA_ADJ;Vladimiran;Vladimiran;Wladimiran;Vladimiran;Vladimirano;Vladimiran;Vladimiran;Vladimirán;Vladimiran;Vladimiran;Vladimiran;;Vladimiran;x;
WBG;Wurzburg;Wurzburg;Wurzburg;Wurzburg;Wurzburg;Wurzburg;Wurzburg;Wurzburg;Wurzburg;Wurzburg;Wurzburg;;Wurzburg;x;
WBG_ADJ;Wurzburgian;Wurzburgien;Wurzburgian;Wurzburgian;Wurzburgo;Wurzburno;WURZBURGIAN;Wurzburgian;Wurzburgi;Wurzburgian;Wurzburgian;;Wurzburgian;x;
WES;Westphalia;Westphalie;Westfalen;Westfalia;Westfalia;Westfalia;Westfalen;Westphalia;Vesztfália;Westfalen;Westphalia;;Westfalen;x;
WES_ADJ;Westfalian;Westfalien;Westfalian;Westfalian;Westfaliano;Westfalian;Westfalian;Westfalian;Nyugati;Westfaliër;Westfalian;;Westfalian;x;
WLS;Wales;Pays de Galles;Wales;Walia;Gales;Galles;Wales;Wales;Wales;Wales;País de Gales;;Wales;x;
WLS_ADJ;Welsh;Gallois;Walisisch;Walijski;Galés;Gallese;Walesiska;Velština;Walesi;Welsh;Galês;;Walesin;x;
WUU;Wu;Wu;Wu;Wu;Wu;Wu;Wu;Wu;Wu;Wu;Wu;;Wu;x;
WUU_ADJ;Wun;Humeur;Wunchen;Wun;Wun;Wun;Vävnad;Vlídný;Wun;Won;Wun;;Wun;x;
XIA;Xia;XIA;Xia;Xia;XIA;Xia;Xia;Xia;Xia;Xia;Xia;;Xia;x;
XIA_ADJ;Xian;Xian;Xian;Xian;Xian;Xian;Xian;Xian;Xian;Xian;Xian;;Xian;x;
YAR;Yaroslavl;Yaroslavl;Yaroslavl;Yaroslavl;Yaroslavl;Yaroslavl;Yaroslavl;Yaroslavl;Yaroslavl;Yaroslavl;Yaroslavl;;Yaroslavl;x;
YAR_ADJ;Yaroslavlian;Yaroslavlien;Yaroslawlian;Yaroslavlian;Yaroslavlian;Yaroslavlian;Yaroslavlian;Yaroslavlian;Yaroslavlian;Yaroslavlian;Yaroslavlian;;Yaroslavlian;x;
YOR;York;York;York;Jork;York;York;York;York;York;York;Iorque;;York;x;
YOR_ADJ;Yorkist;Arriviste;Yorkist;Yorkist;Yorkista;Yorkista;Yorkist;Yorkista;Degisztikus;Yorkist;Yorkist;;Yoristelu;x;
ZAP;Zapotec;Zapotec;Zapotec;Zapotec;Zapotec;Zapotec;Zapotec;Zapotec;Zapotec;Zapotec;Zapotec;;Zapotec;x;
ZAP_ADJ;Zapotec;Zapotec;Zapotec;Zapotec;Zapotec;Zapotec;Zapotec;Zapotec;Zapotec;Zapotec;Zapotec;;Zapotec;x;
ZAZ;Zaporozhie;Zaporozhie;Zaporozhie;Zaporozhie;Zaporozhie;Zaporozhie;Zaporozhie;Zaporozhie;Zaporozhie;Zaporozhie;Zaporozhie;;Zaporozhie;x;
ZAZ_ADJ;Zaporozhian;Zaporozhian;Zaporozhian;Zaporozhian;Zaporosco;Zaporozhian;Zaporozhian;Zaporozhian;Zaporozhiánus;Zaporozhian;Zaporozhian;;Zaporozhian;x;
ZIM;Mutapa;Mutapa;Mutapa;Mutapa;Mutapa;Mutapa;Mutapa;Mutapa;Mutapa;Mutapa;Mutapa;;Mutapa;x;
ZIM_ADJ;Mutapan;Mutapan;Mutapan;Butapan;Mutapan;Mutapan;Mutapan;Mutapan;Mutapan;Mutapan;Mutapan;;Mutapan;x;